batch_start,batch_end,mean_drift_score,ema_drift_score,adaptation_alpha,signature_weight,random_forest_weight,lstm_weight,transformer_weight,stacked_meta_weight,rolling_attack_rate,bias
0,4096,1.0,0.625,0.3,0.0846,0.2578,0.1115,0.2681,0.2779,0.4933,-0.0017
4096,8192,1.0,0.7187,0.675,0.0901,0.2262,0.1296,0.2825,0.2717,0.488,-0.0075
8192,12288,1.0,0.7891,0.9562,0.0941,0.2025,0.1432,0.2933,0.267,0.4836,-0.0148
12288,16384,0.9999,0.8418,1.0,0.0948,0.1988,0.1453,0.2949,0.2662,0.4797,-0.0194
16384,20480,1.0,0.8813,1.0,0.0948,0.1988,0.1453,0.2949,0.2662,0.4763,-0.0228
20480,24576,1.0,0.911,1.0,0.0948,0.1988,0.1453,0.2949,0.2662,0.4759,-0.0231
24576,28672,1.0,0.9332,1.0,0.0948,0.1988,0.1453,0.2949,0.2662,0.4757,-0.0234
28672,32768,1.0,0.9499,1.0,0.0948,0.1988,0.1453,0.2949,0.2662,0.4748,-0.0243
32768,36864,1.0,0.9625,1.0,0.0948,0.1988,0.1453,0.2949,0.2662,0.4731,-0.026
36864,40960,1.0,0.9718,1.0,0.0948,0.1988,0.1453,0.2949,0.2662,0.4741,-0.0249
40960,45056,1.0,0.9789,1.0,0.0948,0.1988,0.1453,0.2949,0.2662,0.4732,-0.0259
45056,49152,1.0,0.9842,1.0,0.0948,0.1988,0.1453,0.2949,0.2662,0.4732,-0.0259
49152,53248,1.0,0.9881,1.0,0.0948,0.1988,0.1453,0.2949,0.2662,0.4712,-0.0279
53248,57344,1.0,0.9911,1.0,0.0948,0.1988,0.1453,0.2949,0.2662,0.4705,-0.0285
57344,61440,1.0,0.9933,1.0,0.0948,0.1988,0.1453,0.2949,0.2662,0.4712,-0.0279
61440,65536,1.0,0.995,1.0,0.0948,0.1988,0.1453,0.2949,0.2662,0.4696,-0.0295
65536,69632,1.0,0.9962,1.0,0.0948,0.1988,0.1453,0.2949,0.2662,0.4701,-0.0289
69632,73728,1.0,0.9972,1.0,0.0948,0.1988,0.1453,0.2949,0.2662,0.4695,-0.0295
73728,77824,1.0,0.9979,1.0,0.0948,0.1988,0.1453,0.2949,0.2662,0.4701,-0.029
77824,81920,1.0,0.9984,1.0,0.0948,0.1988,0.1453,0.2949,0.2662,0.4696,-0.0295
81920,86016,1.0,0.9988,1.0,0.0948,0.1988,0.1453,0.2949,0.2662,0.4702,-0.0289
86016,90112,1.0,0.9991,1.0,0.0948,0.1988,0.1453,0.2949,0.2662,0.4689,-0.0301
90112,94208,1.0,0.9993,1.0,0.0948,0.1988,0.1453,0.2949,0.2662,0.4698,-0.0292
94208,98304,1.0,0.9995,1.0,0.0948,0.1988,0.1453,0.2949,0.2662,0.4709,-0.0282
98304,100000,1.0,0.9996,1.0,0.0948,0.1988,0.1453,0.2949,0.2662,0.4696,-0.0295
100000,104096,1.0,0.9997,1.0,0.0948,0.1988,0.1453,0.2949,0.2662,0.4683,-0.0308
104096,108192,1.0,0.9998,1.0,0.0948,0.1988,0.1453,0.2949,0.2662,0.4694,-0.0297
108192,112288,1.0,0.9998,1.0,0.0948,0.1988,0.1453,0.2949,0.2662,0.4692,-0.0299
112288,116384,1.0,0.9999,1.0,0.0948,0.1988,0.1453,0.2949,0.2662,0.4695,-0.0296
116384,120480,1.0,0.9999,1.0,0.0948,0.1988,0.1453,0.2949,0.2662,0.4687,-0.0304
120480,124576,1.0,0.9999,1.0,0.0948,0.1988,0.1453,0.2949,0.2662,0.4683,-0.0308
124576,128672,1.0,0.9999,1.0,0.0948,0.1988,0.1453,0.2949,0.2662,0.4694,-0.0297
128672,132768,1.0,1.0,1.0,0.0948,0.1988,0.1453,0.2949,0.2662,0.4683,-0.0308
132768,136864,1.0,1.0,1.0,0.0948,0.1988,0.1453,0.2949,0.2662,0.4698,-0.0293
136864,140960,1.0,1.0,1.0,0.0948,0.1988,0.1453,0.2949,0.2662,0.4673,-0.0317
140960,145056,1.0,1.0,1.0,0.0948,0.1988,0.1453,0.2949,0.2662,0.4695,-0.0296
145056,149152,1.0,1.0,1.0,0.0948,0.1988,0.1453,0.2949,0.2662,0.4684,-0.0307
149152,153248,1.0,1.0,1.0,0.0948,0.1988,0.1453,0.2949,0.2662,0.4698,-0.0292
153248,157344,1.0,1.0,1.0,0.0948,0.1988,0.1453,0.2949,0.2662,0.4686,-0.0305
157344,161440,1.0,1.0,1.0,0.0948,0.1988,0.1453,0.2949,0.2662,0.4686,-0.0305
161440,165536,1.0,1.0,1.0,0.0948,0.1988,0.1453,0.2949,0.2662,0.4688,-0.0303
165536,169632,1.0,1.0,1.0,0.0948,0.1988,0.1453,0.2949,0.2662,0.4683,-0.0308
169632,173728,1.0,1.0,1.0,0.0948,0.1988,0.1453,0.2949,0.2662,0.4681,-0.031
173728,177824,0.9999,1.0,1.0,0.0948,0.1988,0.1453,0.2949,0.2662,0.468,-0.0311
177824,181920,1.0,1.0,1.0,0.0948,0.1988,0.1453,0.2949,0.2662,0.4679,-0.0312
181920,186016,1.0,1.0,1.0,0.0948,0.1988,0.1453,0.2949,0.2662,0.468,-0.0311
186016,190112,1.0,1.0,1.0,0.0948,0.1988,0.1453,0.2949,0.2662,0.4666,-0.0325
190112,194208,0.9999,1.0,1.0,0.0948,0.1988,0.1453,0.2949,0.2662,0.4663,-0.0328
194208,198304,1.0,1.0,1.0,0.0948,0.1988,0.1453,0.2949,0.2662,0.4655,-0.0335
198304,200000,1.0,1.0,1.0,0.0948,0.1988,0.1453,0.2949,0.2662,0.4644,-0.0346
200000,204096,1.0,1.0,1.0,0.0948,0.1988,0.1453,0.2949,0.2662,0.4637,-0.0354
204096,208192,0.9999,1.0,1.0,0.0948,0.1988,0.1453,0.2949,0.2662,0.4632,-0.0358
208192,212288,1.0,1.0,1.0,0.0948,0.1988,0.1453,0.2949,0.2662,0.4627,-0.0363
212288,216384,0.9999,1.0,1.0,0.0948,0.1988,0.1453,0.2949,0.2662,0.4624,-0.0367
216384,220480,1.0,1.0,1.0,0.0948,0.1988,0.1453,0.2949,0.2662,0.4619,-0.0372
220480,224576,1.0,1.0,1.0,0.0948,0.1988,0.1453,0.2949,0.2662,0.4618,-0.0373
224576,228672,1.0,1.0,1.0,0.0948,0.1988,0.1453,0.2949,0.2662,0.462,-0.0371
228672,232768,1.0,1.0,1.0,0.0948,0.1988,0.1453,0.2949,0.2662,0.4622,-0.0369
232768,236864,1.0,1.0,1.0,0.0948,0.1988,0.1453,0.2949,0.2662,0.4624,-0.0367
236864,240960,1.0,1.0,1.0,0.0948,0.1988,0.1453,0.2949,0.2662,0.4624,-0.0366
240960,245056,1.0,1.0,1.0,0.0948,0.1988,0.1453,0.2949,0.2662,0.463,-0.0361
245056,249152,1.0,1.0,1.0,0.0948,0.1988,0.1453,0.2949,0.2662,0.463,-0.0361
249152,253248,1.0,1.0,1.0,0.0948,0.1988,0.1453,0.2949,0.2662,0.4624,-0.0367
253248,257344,0.9999,1.0,1.0,0.0948,0.1988,0.1453,0.2949,0.2662,0.4621,-0.037
257344,261440,1.0,1.0,1.0,0.0948,0.1988,0.1453,0.2949,0.2662,0.4619,-0.0372
261440,265536,0.9999,1.0,1.0,0.0948,0.1988,0.1453,0.2949,0.2662,0.462,-0.037
265536,269632,0.9999,1.0,1.0,0.0948,0.1988,0.1453,0.2949,0.2662,0.4617,-0.0374
269632,273728,1.0,1.0,1.0,0.0948,0.1988,0.1453,0.2949,0.2662,0.4614,-0.0377
273728,277824,1.0,1.0,1.0,0.0948,0.1988,0.1453,0.2949,0.2662,0.4613,-0.0377
277824,281920,1.0,1.0,1.0,0.0948,0.1988,0.1453,0.2949,0.2662,0.461,-0.0381
281920,286016,1.0,1.0,1.0,0.0948,0.1988,0.1453,0.2949,0.2662,0.4608,-0.0383
286016,290112,0.9999,1.0,1.0,0.0948,0.1988,0.1453,0.2949,0.2662,0.4613,-0.0377
290112,294208,1.0,1.0,1.0,0.0948,0.1988,0.1453,0.2949,0.2662,0.461,-0.0381
294208,298304,1.0,1.0,1.0,0.0948,0.1988,0.1453,0.2949,0.2662,0.4605,-0.0385
298304,300000,1.0,1.0,1.0,0.0948,0.1988,0.1453,0.2949,0.2662,0.4603,-0.0388
300000,304096,1.0,1.0,1.0,0.0948,0.1988,0.1453,0.2949,0.2662,0.4606,-0.0385
304096,308192,1.0,1.0,1.0,0.0948,0.1988,0.1453,0.2949,0.2662,0.4603,-0.0388
308192,312288,0.9999,1.0,1.0,0.0948,0.1988,0.1453,0.2949,0.2662,0.4602,-0.0389
312288,316384,0.9999,1.0,1.0,0.0948,0.1988,0.1453,0.2949,0.2662,0.456,-0.043
316384,320480,1.0,1.0,1.0,0.0948,0.1988,0.1453,0.2949,0.2662,0.4511,-0.048
320480,324576,1.0,1.0,1.0,0.0948,0.1988,0.1453,0.2949,0.2662,0.4468,-0.0522
324576,328672,1.0,1.0,1.0,0.0948,0.1988,0.1453,0.2949,0.2662,0.4432,-0.0559
328672,332768,1.0,1.0,1.0,0.0948,0.1988,0.1453,0.2949,0.2662,0.4402,-0.0589
332768,336864,1.0,1.0,1.0,0.0948,0.1988,0.1453,0.2949,0.2662,0.4377,-0.0614
336864,340960,1.0,1.0,1.0,0.0948,0.1988,0.1453,0.2949,0.2662,0.4355,-0.0636
340960,345056,1.0,1.0,1.0,0.0948,0.1988,0.1453,0.2949,0.2662,0.4337,-0.0654
345056,349152,1.0,1.0,1.0,0.0948,0.1988,0.1453,0.2949,0.2662,0.4321,-0.067
349152,353248,1.0,1.0,1.0,0.0948,0.1988,0.1453,0.2949,0.2662,0.4308,-0.0683
353248,357344,1.0,1.0,1.0,0.0948,0.1988,0.1453,0.2949,0.2662,0.4296,-0.0695
357344,361440,1.0,1.0,1.0,0.0948,0.1988,0.1453,0.2949,0.2662,0.4286,-0.0705
361440,365536,1.0,1.0,1.0,0.0948,0.1988,0.1453,0.2949,0.2662,0.4277,-0.0713
365536,369632,1.0,1.0,1.0,0.0948,0.1988,0.1453,0.2949,0.2662,0.4272,-0.0719
369632,373728,1.0,1.0,1.0,0.0948,0.1988,0.1453,0.2949,0.2662,0.4282,-0.0709
373728,377824,1.0,1.0,1.0,0.0948,0.1988,0.1453,0.2949,0.2662,0.4279,-0.0712
377824,381920,1.0,1.0,1.0,0.0948,0.1988,0.1453,0.2949,0.2662,0.4272,-0.0719
381920,386016,1.0,1.0,1.0,0.0948,0.1988,0.1453,0.2949,0.2662,0.4266,-0.0725
386016,390112,1.0,1.0,1.0,0.0948,0.1988,0.1453,0.2949,0.2662,0.4264,-0.0727
390112,394208,1.0,1.0,1.0,0.0948,0.1988,0.1453,0.2949,0.2662,0.4261,-0.073
394208,398304,1.0,1.0,1.0,0.0948,0.1988,0.1453,0.2949,0.2662,0.4257,-0.0734
398304,400000,1.0,1.0,1.0,0.0948,0.1988,0.1453,0.2949,0.2662,0.4253,-0.0738
400000,404096,1.0,1.0,1.0,0.0948,0.1988,0.1453,0.2949,0.2662,0.4249,-0.0741
404096,408192,1.0,1.0,1.0,0.0948,0.1988,0.1453,0.2949,0.2662,0.4247,-0.0744
408192,412288,1.0,1.0,1.0,0.0948,0.1988,0.1453,0.2949,0.2662,0.4244,-0.0747
412288,416384,1.0,1.0,1.0,0.0948,0.1988,0.1453,0.2949,0.2662,0.4243,-0.0748
416384,420480,1.0,1.0,1.0,0.0948,0.1988,0.1453,0.2949,0.2662,0.4243,-0.0747
420480,424576,1.0,1.0,1.0,0.0948,0.1988,0.1453,0.2949,0.2662,0.4243,-0.0748
424576,428672,1.0,1.0,1.0,0.0948,0.1988,0.1453,0.2949,0.2662,0.4241,-0.075
428672,432768,1.0,1.0,1.0,0.0948,0.1988,0.1453,0.2949,0.2662,0.424,-0.0751
432768,436864,1.0,1.0,1.0,0.0948,0.1988,0.1453,0.2949,0.2662,0.4239,-0.0752
436864,440960,1.0,1.0,1.0,0.0948,0.1988,0.1453,0.2949,0.2662,0.4241,-0.075
440960,445056,1.0,1.0,1.0,0.0948,0.1988,0.1453,0.2949,0.2662,0.4245,-0.0745
445056,449152,1.0,1.0,1.0,0.0948,0.1988,0.1453,0.2949,0.2662,0.4249,-0.0742
449152,453248,1.0,1.0,1.0,0.0948,0.1988,0.1453,0.2949,0.2662,0.4247,-0.0744
453248,457344,1.0,1.0,1.0,0.0948,0.1988,0.1453,0.2949,0.2662,0.4254,-0.0737
457344,461440,1.0,1.0,1.0,0.0948,0.1988,0.1453,0.2949,0.2662,0.431,-0.0681
461440,465536,1.0,1.0,1.0,0.0948,0.1988,0.1453,0.2949,0.2662,0.4356,-0.0635
465536,469632,1.0,1.0,1.0,0.0948,0.1988,0.1453,0.2949,0.2662,0.4359,-0.0632
469632,473728,1.0,1.0,1.0,0.0948,0.1988,0.1453,0.2949,0.2662,0.4354,-0.0637
473728,477824,1.0,1.0,1.0,0.0948,0.1988,0.1453,0.2949,0.2662,0.4344,-0.0646
477824,481920,1.0,1.0,1.0,0.0948,0.1988,0.1453,0.2949,0.2662,0.4356,-0.0634
481920,486016,1.0,1.0,1.0,0.0948,0.1988,0.1453,0.2949,0.2662,0.4392,-0.0599
486016,490112,0.9999,1.0,1.0,0.0948,0.1988,0.1453,0.2949,0.2662,0.442,-0.0571
490112,494208,0.9999,1.0,1.0,0.0948,0.1988,0.1453,0.2949,0.2662,0.4441,-0.055
494208,498304,1.0,1.0,1.0,0.0948,0.1988,0.1453,0.2949,0.2662,0.4425,-0.0566
498304,500000,1.0,1.0,1.0,0.0948,0.1988,0.1453,0.2949,0.2662,0.4411,-0.0579
500000,504096,1.0,1.0,1.0,0.0948,0.1988,0.1453,0.2949,0.2662,0.4397,-0.0593
504096,508192,0.9999,1.0,1.0,0.0948,0.1988,0.1453,0.2949,0.2662,0.4413,-0.0578
508192,512288,1.0,1.0,1.0,0.0948,0.1988,0.1453,0.2949,0.2662,0.4446,-0.0544
512288,516384,1.0,1.0,1.0,0.0948,0.1988,0.1453,0.2949,0.2662,0.4484,-0.0507
516384,520480,1.0,1.0,1.0,0.0948,0.1988,0.1453,0.2949,0.2662,0.4505,-0.0486
520480,524576,0.9999,1.0,1.0,0.0948,0.1988,0.1453,0.2949,0.2662,0.4525,-0.0466
524576,528672,0.9998,0.9999,1.0,0.0948,0.1988,0.1453,0.2949,0.2662,0.4544,-0.0447
528672,532768,1.0,0.9999,1.0,0.0948,0.1988,0.1453,0.2949,0.2662,0.4551,-0.044
532768,536864,1.0,1.0,1.0,0.0948,0.1988,0.1453,0.2949,0.2662,0.456,-0.043
536864,540960,1.0,1.0,1.0,0.0948,0.1988,0.1453,0.2949,0.2662,0.4572,-0.0418
540960,545056,0.9999,1.0,1.0,0.0948,0.1988,0.1453,0.2949,0.2662,0.4582,-0.0408
545056,549152,0.9999,1.0,1.0,0.0948,0.1988,0.1453,0.2949,0.2662,0.459,-0.04
549152,553248,0.9999,1.0,1.0,0.0948,0.1988,0.1453,0.2949,0.2662,0.4593,-0.0398
553248,557344,0.9999,0.9999,1.0,0.0948,0.1988,0.1453,0.2949,0.2662,0.4598,-0.0393
557344,561440,1.0,1.0,1.0,0.0948,0.1988,0.1453,0.2949,0.2662,0.4601,-0.039
561440,565536,1.0,1.0,1.0,0.0948,0.1988,0.1453,0.2949,0.2662,0.4604,-0.0387
565536,569632,1.0,1.0,1.0,0.0948,0.1988,0.1453,0.2949,0.2662,0.4607,-0.0383
569632,573728,1.0,1.0,1.0,0.0948,0.1988,0.1453,0.2949,0.2662,0.4611,-0.038
573728,577824,1.0,1.0,1.0,0.0948,0.1988,0.1453,0.2949,0.2662,0.4613,-0.0378
577824,581920,1.0,1.0,1.0,0.0948,0.1988,0.1453,0.2949,0.2662,0.4609,-0.0381
581920,586016,1.0,1.0,1.0,0.0948,0.1988,0.1453,0.2949,0.2662,0.4611,-0.0379
586016,590112,1.0,1.0,1.0,0.0948,0.1988,0.1453,0.2949,0.2662,0.4619,-0.0371
590112,594208,1.0,1.0,1.0,0.0948,0.1988,0.1453,0.2949,0.2662,0.4618,-0.0373
594208,598304,0.9999,1.0,1.0,0.0948,0.1988,0.1453,0.2949,0.2662,0.461,-0.038
598304,600000,1.0,1.0,1.0,0.0948,0.1988,0.1453,0.2949,0.2662,0.4598,-0.0392
600000,604096,1.0,1.0,1.0,0.0948,0.1988,0.1453,0.2949,0.2662,0.4599,-0.0391
604096,608192,1.0,1.0,1.0,0.0948,0.1988,0.1453,0.2949,0.2662,0.4603,-0.0388
608192,612288,1.0,1.0,1.0,0.0948,0.1988,0.1453,0.2949,0.2662,0.4601,-0.039
612288,616384,1.0,1.0,1.0,0.0948,0.1988,0.1453,0.2949,0.2662,0.4598,-0.0393
616384,620480,1.0,1.0,1.0,0.0948,0.1988,0.1453,0.2949,0.2662,0.4596,-0.0394
620480,624576,1.0,1.0,1.0,0.0948,0.1988,0.1453,0.2949,0.2662,0.4599,-0.0392
624576,628672,1.0,1.0,1.0,0.0948,0.1988,0.1453,0.2949,0.2662,0.4609,-0.0381
628672,632768,1.0,1.0,1.0,0.0948,0.1988,0.1453,0.2949,0.2662,0.4604,-0.0386
632768,636864,0.9999,1.0,1.0,0.0948,0.1988,0.1453,0.2949,0.2662,0.4605,-0.0386
636864,640960,0.9999,1.0,1.0,0.0948,0.1988,0.1453,0.2949,0.2662,0.4608,-0.0383
640960,645056,0.9999,1.0,1.0,0.0948,0.1988,0.1453,0.2949,0.2662,0.4609,-0.0382
645056,649152,1.0,1.0,1.0,0.0948,0.1988,0.1453,0.2949,0.2662,0.4614,-0.0376
649152,653248,1.0,1.0,1.0,0.0948,0.1988,0.1453,0.2949,0.2662,0.4614,-0.0376
653248,657344,0.9999,1.0,1.0,0.0948,0.1988,0.1453,0.2949,0.2662,0.4608,-0.0382
657344,661440,1.0,1.0,1.0,0.0948,0.1988,0.1453,0.2949,0.2662,0.4604,-0.0387
661440,665536,1.0,1.0,1.0,0.0948,0.1988,0.1453,0.2949,0.2662,0.4601,-0.039
665536,669632,1.0,1.0,1.0,0.0948,0.1988,0.1453,0.2949,0.2662,0.4602,-0.0389
669632,673728,1.0,1.0,1.0,0.0948,0.1988,0.1453,0.2949,0.2662,0.4607,-0.0384
673728,677824,1.0,1.0,1.0,0.0948,0.1988,0.1453,0.2949,0.2662,0.4605,-0.0386
677824,681920,0.9999,1.0,1.0,0.0948,0.1988,0.1453,0.2949,0.2662,0.4604,-0.0387
681920,686016,0.9999,1.0,1.0,0.0948,0.1988,0.1453,0.2949,0.2662,0.4602,-0.0389
686016,690112,0.9999,0.9999,1.0,0.0948,0.1988,0.1453,0.2949,0.2662,0.4603,-0.0387
690112,694208,1.0,1.0,1.0,0.0948,0.1988,0.1453,0.2949,0.2662,0.4612,-0.0379
694208,698304,1.0,1.0,1.0,0.0948,0.1988,0.1453,0.2949,0.2662,0.4614,-0.0377
698304,700000,1.0,1.0,1.0,0.0948,0.1988,0.1453,0.2949,0.2662,0.4614,-0.0376
700000,704096,0.9999,1.0,1.0,0.0948,0.1988,0.1453,0.2949,0.2662,0.4622,-0.0369
704096,708192,0.9999,0.9999,1.0,0.0948,0.1988,0.1453,0.2949,0.2662,0.4647,-0.0344
708192,712288,1.0,1.0,1.0,0.0948,0.1988,0.1453,0.2949,0.2662,0.4668,-0.0323
712288,716384,1.0,1.0,1.0,0.0948,0.1988,0.1453,0.2949,0.2662,0.4686,-0.0305
716384,720480,1.0,1.0,1.0,0.0948,0.1988,0.1453,0.2949,0.2662,0.4712,-0.0279
720480,724576,1.0,1.0,1.0,0.0948,0.1988,0.1453,0.2949,0.2662,0.4721,-0.027
724576,728672,1.0,1.0,1.0,0.0948,0.1988,0.1453,0.2949,0.2662,0.4726,-0.0264
728672,732768,1.0,1.0,1.0,0.0948,0.1988,0.1453,0.2949,0.2662,0.4731,-0.026
732768,736864,1.0,1.0,1.0,0.0948,0.1988,0.1453,0.2949,0.2662,0.4738,-0.0253
736864,740960,1.0,1.0,1.0,0.0948,0.1988,0.1453,0.2949,0.2662,0.4738,-0.0253
740960,745056,1.0,1.0,1.0,0.0948,0.1988,0.1453,0.2949,0.2662,0.4738,-0.0252
745056,749152,0.9999,1.0,1.0,0.0948,0.1988,0.1453,0.2949,0.2662,0.4741,-0.025
749152,753248,1.0,1.0,1.0,0.0948,0.1988,0.1453,0.2949,0.2662,0.4742,-0.0248
753248,757344,1.0,1.0,1.0,0.0948,0.1988,0.1453,0.2949,0.2662,0.4739,-0.0252
757344,761440,1.0,1.0,1.0,0.0948,0.1988,0.1453,0.2949,0.2662,0.4735,-0.0256
761440,765536,1.0,1.0,1.0,0.0948,0.1988,0.1453,0.2949,0.2662,0.4732,-0.0258
765536,769632,1.0,1.0,1.0,0.0948,0.1988,0.1453,0.2949,0.2662,0.4733,-0.0257
769632,773728,1.0,1.0,1.0,0.0948,0.1988,0.1453,0.2949,0.2662,0.4738,-0.0253
773728,777824,1.0,1.0,1.0,0.0948,0.1988,0.1453,0.2949,0.2662,0.4745,-0.0246
777824,781920,1.0,1.0,1.0,0.0948,0.1988,0.1453,0.2949,0.2662,0.4746,-0.0245
781920,786016,1.0,1.0,1.0,0.0948,0.1988,0.1453,0.2949,0.2662,0.4749,-0.0242
786016,790112,1.0,1.0,1.0,0.0948,0.1988,0.1453,0.2949,0.2662,0.4747,-0.0244
790112,794208,1.0,1.0,1.0,0.0948,0.1988,0.1453,0.2949,0.2662,0.475,-0.0241
794208,798304,0.9999,1.0,1.0,0.0948,0.1988,0.1453,0.2949,0.2662,0.4752,-0.0239
798304,800000,1.0,1.0,1.0,0.0948,0.1988,0.1453,0.2949,0.2662,0.4749,-0.0242
800000,804096,1.0,1.0,1.0,0.0948,0.1988,0.1453,0.2949,0.2662,0.4748,-0.0243
804096,808192,1.0,1.0,1.0,0.0948,0.1988,0.1453,0.2949,0.2662,0.4745,-0.0245
808192,812288,1.0,1.0,1.0,0.0948,0.1988,0.1453,0.2949,0.2662,0.4744,-0.0247
812288,816384,1.0,1.0,1.0,0.0948,0.1988,0.1453,0.2949,0.2662,0.4748,-0.0242
816384,820480,1.0,1.0,1.0,0.0948,0.1988,0.1453,0.2949,0.2662,0.4749,-0.0242
820480,824576,1.0,1.0,1.0,0.0948,0.1988,0.1453,0.2949,0.2662,0.4747,-0.0244
824576,828672,1.0,1.0,1.0,0.0948,0.1988,0.1453,0.2949,0.2662,0.4751,-0.024
828672,832768,1.0,1.0,1.0,0.0948,0.1988,0.1453,0.2949,0.2662,0.4754,-0.0236
832768,836864,1.0,1.0,1.0,0.0948,0.1988,0.1453,0.2949,0.2662,0.4758,-0.0233
836864,840960,1.0,1.0,1.0,0.0948,0.1988,0.1453,0.2949,0.2662,0.4759,-0.0232
840960,845056,1.0,1.0,1.0,0.0948,0.1988,0.1453,0.2949,0.2662,0.4763,-0.0228
845056,849152,1.0,1.0,1.0,0.0948,0.1988,0.1453,0.2949,0.2662,0.4764,-0.0227
849152,853248,0.9999,1.0,1.0,0.0948,0.1988,0.1453,0.2949,0.2662,0.4763,-0.0228
853248,857344,1.0,1.0,1.0,0.0948,0.1988,0.1453,0.2949,0.2662,0.4767,-0.0224
857344,861440,1.0,1.0,1.0,0.0948,0.1988,0.1453,0.2949,0.2662,0.4765,-0.0225
861440,865536,1.0,1.0,1.0,0.0948,0.1988,0.1453,0.2949,0.2662,0.4767,-0.0224
865536,869632,1.0,1.0,1.0,0.0948,0.1988,0.1453,0.2949,0.2662,0.4767,-0.0224
869632,873728,1.0,1.0,1.0,0.0948,0.1988,0.1453,0.2949,0.2662,0.4767,-0.0223
873728,877824,1.0,1.0,1.0,0.0948,0.1988,0.1453,0.2949,0.2662,0.4766,-0.0225
877824,881920,0.9999,1.0,1.0,0.0948,0.1988,0.1453,0.2949,0.2662,0.4766,-0.0225
881920,886016,1.0,1.0,1.0,0.0948,0.1988,0.1453,0.2949,0.2662,0.4765,-0.0226
886016,890112,1.0,1.0,1.0,0.0948,0.1988,0.1453,0.2949,0.2662,0.4762,-0.0228
890112,894208,1.0,1.0,1.0,0.0948,0.1988,0.1453,0.2949,0.2662,0.4759,-0.0232
894208,898304,1.0,1.0,1.0,0.0948,0.1988,0.1453,0.2949,0.2662,0.4759,-0.0232
898304,900000,1.0,1.0,1.0,0.0948,0.1988,0.1453,0.2949,0.2662,0.4759,-0.0232
900000,904096,1.0,1.0,1.0,0.0948,0.1988,0.1453,0.2949,0.2662,0.4759,-0.0232
904096,908192,1.0,1.0,1.0,0.0948,0.1988,0.1453,0.2949,0.2662,0.4755,-0.0236
908192,912288,1.0,1.0,1.0,0.0948,0.1988,0.1453,0.2949,0.2662,0.4756,-0.0235
912288,916384,1.0,1.0,1.0,0.0948,0.1988,0.1453,0.2949,0.2662,0.4758,-0.0232
916384,920480,1.0,1.0,1.0,0.0948,0.1988,0.1453,0.2949,0.2662,0.4755,-0.0236
920480,924576,0.9999,1.0,1.0,0.0948,0.1988,0.1453,0.2949,0.2662,0.4742,-0.0249
924576,928672,1.0,1.0,1.0,0.0948,0.1988,0.1453,0.2949,0.2662,0.4735,-0.0255
928672,932768,1.0,1.0,1.0,0.0948,0.1988,0.1453,0.2949,0.2662,0.4743,-0.0248
932768,936864,1.0,1.0,1.0,0.0948,0.1988,0.1453,0.2949,0.2662,0.4739,-0.0252
936864,940960,1.0,1.0,1.0,0.0948,0.1988,0.1453,0.2949,0.2662,0.4736,-0.0254
940960,945056,1.0,1.0,1.0,0.0948,0.1988,0.1453,0.2949,0.2662,0.4742,-0.0249
945056,949152,1.0,1.0,1.0,0.0948,0.1988,0.1453,0.2949,0.2662,0.4731,-0.0259
949152,953248,1.0,1.0,1.0,0.0948,0.1988,0.1453,0.2949,0.2662,0.473,-0.026
953248,957344,0.9999,1.0,1.0,0.0948,0.1988,0.1453,0.2949,0.2662,0.4734,-0.0257
957344,961440,1.0,1.0,1.0,0.0948,0.1988,0.1453,0.2949,0.2662,0.4736,-0.0255
961440,965536,1.0,1.0,1.0,0.0948,0.1988,0.1453,0.2949,0.2662,0.4743,-0.0247
965536,969632,1.0,1.0,1.0,0.0948,0.1988,0.1453,0.2949,0.2662,0.4739,-0.0252
969632,973728,1.0,1.0,1.0,0.0948,0.1988,0.1453,0.2949,0.2662,0.4736,-0.0254
973728,977824,1.0,1.0,1.0,0.0948,0.1988,0.1453,0.2949,0.2662,0.474,-0.0251
977824,981920,1.0,1.0,1.0,0.0948,0.1988,0.1453,0.2949,0.2662,0.4741,-0.025
981920,986016,1.0,1.0,1.0,0.0948,0.1988,0.1453,0.2949,0.2662,0.4743,-0.0248
986016,990112,0.9999,1.0,1.0,0.0948,0.1988,0.1453,0.2949,0.2662,0.4745,-0.0246
990112,994208,1.0,1.0,1.0,0.0948,0.1988,0.1453,0.2949,0.2662,0.4738,-0.0253
994208,998304,1.0,1.0,1.0,0.0948,0.1988,0.1453,0.2949,0.2662,0.4732,-0.0258
998304,1000000,1.0,1.0,1.0,0.0948,0.1988,0.1453,0.2949,0.2662,0.4734,-0.0256
1000000,1004096,1.0,1.0,1.0,0.0948,0.1988,0.1453,0.2949,0.2662,0.473,-0.0261
1004096,1008192,1.0,1.0,1.0,0.0948,0.1988,0.1453,0.2949,0.2662,0.4724,-0.0267
1008192,1012288,1.0,1.0,1.0,0.0948,0.1988,0.1453,0.2949,0.2662,0.4729,-0.0261
1012288,1016384,1.0,1.0,1.0,0.0948,0.1988,0.1453,0.2949,0.2662,0.473,-0.0261
1016384,1020480,1.0,1.0,1.0,0.0948,0.1988,0.1453,0.2949,0.2662,0.4731,-0.0259
1020480,1024576,0.9999,1.0,1.0,0.0948,0.1988,0.1453,0.2949,0.2662,0.4729,-0.0262
1024576,1028672,0.9999,1.0,1.0,0.0948,0.1988,0.1453,0.2949,0.2662,0.4728,-0.0263
1028672,1032768,1.0,1.0,1.0,0.0948,0.1988,0.1453,0.2949,0.2662,0.4722,-0.0269
1032768,1036864,1.0,1.0,1.0,0.0948,0.1988,0.1453,0.2949,0.2662,0.472,-0.027
1036864,1040960,1.0,1.0,1.0,0.0948,0.1988,0.1453,0.2949,0.2662,0.4713,-0.0278
1040960,1045056,1.0,1.0,1.0,0.0948,0.1988,0.1453,0.2949,0.2662,0.4668,-0.0323
1045056,1049152,0.9998,0.9999,1.0,0.0948,0.1988,0.1453,0.2949,0.2662,0.463,-0.0361
1049152,1053248,0.9999,0.9999,1.0,0.0948,0.1988,0.1453,0.2949,0.2662,0.4598,-0.0393
1053248,1057344,1.0,1.0,1.0,0.0948,0.1988,0.1453,0.2949,0.2662,0.4571,-0.042
1057344,1061440,0.9998,0.9999,1.0,0.0948,0.1988,0.1453,0.2949,0.2662,0.4548,-0.0443
1061440,1065536,1.0,0.9999,1.0,0.0948,0.1988,0.1453,0.2949,0.2662,0.4527,-0.0463
1065536,1069632,0.9998,0.9999,1.0,0.0948,0.1988,0.1453,0.2949,0.2662,0.4511,-0.048
1069632,1073728,0.9999,0.9999,1.0,0.0948,0.1988,0.1453,0.2949,0.2662,0.4498,-0.0493
1073728,1077824,0.9998,0.9999,1.0,0.0948,0.1988,0.1453,0.2949,0.2662,0.4486,-0.0504
1077824,1081920,1.0,0.9999,1.0,0.0948,0.1988,0.1453,0.2949,0.2662,0.4475,-0.0516
1081920,1086016,0.9999,0.9999,1.0,0.0948,0.1988,0.1453,0.2949,0.2662,0.4466,-0.0525
1086016,1090112,0.9999,0.9999,1.0,0.0948,0.1988,0.1453,0.2949,0.2662,0.4458,-0.0533
1090112,1094208,1.0,0.9999,1.0,0.0948,0.1988,0.1453,0.2949,0.2662,0.4453,-0.0538
1094208,1098304,0.9999,0.9999,1.0,0.0948,0.1988,0.1453,0.2949,0.2662,0.4448,-0.0542
1098304,1100000,0.9996,0.9999,1.0,0.0948,0.1988,0.1453,0.2949,0.2662,0.4445,-0.0546
1100000,1104096,0.9999,0.9999,1.0,0.0948,0.1988,0.1453,0.2949,0.2662,0.4441,-0.055
1104096,1108192,0.9999,0.9999,1.0,0.0948,0.1988,0.1453,0.2949,0.2662,0.4437,-0.0554
1108192,1112288,0.9999,0.9999,1.0,0.0948,0.1988,0.1453,0.2949,0.2662,0.4435,-0.0556
1112288,1116384,0.9999,0.9999,1.0,0.0948,0.1988,0.1453,0.2949,0.2662,0.4432,-0.0559
1116384,1120480,0.9998,0.9999,1.0,0.0948,0.1988,0.1453,0.2949,0.2662,0.4432,-0.0559
1120480,1124576,0.9999,0.9999,1.0,0.0948,0.1988,0.1453,0.2949,0.2662,0.4429,-0.0562
1124576,1128672,0.9999,0.9999,1.0,0.0948,0.1988,0.1453,0.2949,0.2662,0.4428,-0.0563
1128672,1132768,0.9999,0.9999,1.0,0.0948,0.1988,0.1453,0.2949,0.2662,0.4427,-0.0563
1132768,1136864,0.9998,0.9999,1.0,0.0948,0.1988,0.1453,0.2949,0.2662,0.4427,-0.0564
1136864,1140960,0.9998,0.9999,1.0,0.0948,0.1988,0.1453,0.2949,0.2662,0.4427,-0.0564
1140960,1145056,0.9999,0.9999,1.0,0.0948,0.1988,0.1453,0.2949,0.2662,0.4426,-0.0565
1145056,1149152,0.9999,0.9999,1.0,0.0948,0.1988,0.1453,0.2949,0.2662,0.4424,-0.0567
1149152,1153248,1.0,0.9999,1.0,0.0948,0.1988,0.1453,0.2949,0.2662,0.4423,-0.0568
1153248,1157344,1.0,0.9999,1.0,0.0948,0.1988,0.1453,0.2949,0.2662,0.4421,-0.057
1157344,1161440,0.9998,0.9999,1.0,0.0948,0.1988,0.1453,0.2949,0.2662,0.4421,-0.057
1161440,1165536,0.9999,0.9999,1.0,0.0948,0.1988,0.1453,0.2949,0.2662,0.442,-0.057
1165536,1169632,1.0,0.9999,1.0,0.0948,0.1988,0.1453,0.2949,0.2662,0.4421,-0.057
1169632,1173728,0.9999,0.9999,1.0,0.0948,0.1988,0.1453,0.2949,0.2662,0.442,-0.0571
1173728,1177824,0.9999,0.9999,1.0,0.0948,0.1988,0.1453,0.2949,0.2662,0.442,-0.0571
1177824,1181920,0.9999,0.9999,1.0,0.0948,0.1988,0.1453,0.2949,0.2662,0.442,-0.0571
1181920,1186016,0.9999,0.9999,1.0,0.0948,0.1988,0.1453,0.2949,0.2662,0.4418,-0.0572
1186016,1190112,0.9999,0.9999,1.0,0.0948,0.1988,0.1453,0.2949,0.2662,0.4419,-0.0571
1190112,1194208,1.0,0.9999,1.0,0.0948,0.1988,0.1453,0.2949,0.2662,0.442,-0.0571
1194208,1198304,0.9999,0.9999,1.0,0.0948,0.1988,0.1453,0.2949,0.2662,0.4419,-0.0572
1198304,1200000,1.0,1.0,1.0,0.0948,0.1988,0.1453,0.2949,0.2662,0.4418,-0.0572
1200000,1204096,0.9999,0.9999,1.0,0.0948,0.1988,0.1453,0.2949,0.2662,0.4419,-0.0572
1204096,1208192,1.0,1.0,1.0,0.0948,0.1988,0.1453,0.2949,0.2662,0.4419,-0.0572
1208192,1212288,1.0,1.0,1.0,0.0948,0.1988,0.1453,0.2949,0.2662,0.4417,-0.0573
1212288,1216384,0.9999,0.9999,1.0,0.0948,0.1988,0.1453,0.2949,0.2662,0.4417,-0.0574
1216384,1220480,0.9998,0.9999,1.0,0.0948,0.1988,0.1453,0.2949,0.2662,0.4415,-0.0576
1220480,1224576,0.9999,0.9999,1.0,0.0948,0.1988,0.1453,0.2949,0.2662,0.4416,-0.0575
1224576,1228672,0.9999,0.9999,1.0,0.0948,0.1988,0.1453,0.2949,0.2662,0.4416,-0.0574
1228672,1232768,0.9999,0.9999,1.0,0.0948,0.1988,0.1453,0.2949,0.2662,0.4417,-0.0574
1232768,1236864,1.0,0.9999,1.0,0.0948,0.1988,0.1453,0.2949,0.2662,0.4452,-0.0539
1236864,1240960,1.0,1.0,1.0,0.0948,0.1988,0.1453,0.2949,0.2662,0.4476,-0.0515
1240960,1245056,1.0,1.0,1.0,0.0948,0.1988,0.1453,0.2949,0.2662,0.4495,-0.0496
1245056,1249152,1.0,1.0,1.0,0.0948,0.1988,0.1453,0.2949,0.2662,0.4518,-0.0473
1249152,1253248,1.0,1.0,1.0,0.0948,0.1988,0.1453,0.2949,0.2662,0.453,-0.046
1253248,1257344,1.0,1.0,1.0,0.0948,0.1988,0.1453,0.2949,0.2662,0.4541,-0.0449
1257344,1261440,1.0,1.0,1.0,0.0948,0.1988,0.1453,0.2949,0.2662,0.4549,-0.0442
1261440,1265536,1.0,1.0,1.0,0.0948,0.1988,0.1453,0.2949,0.2662,0.4564,-0.0426
1265536,1269632,1.0,1.0,1.0,0.0948,0.1988,0.1453,0.2949,0.2662,0.4567,-0.0424
1269632,1273728,0.9999,1.0,1.0,0.0948,0.1988,0.1453,0.2949,0.2662,0.457,-0.0421
1273728,1277824,0.9999,1.0,1.0,0.0948,0.1988,0.1453,0.2949,0.2662,0.4581,-0.0409
1277824,1281920,0.9999,1.0,1.0,0.0948,0.1988,0.1453,0.2949,0.2662,0.4585,-0.0406
1281920,1286016,0.9999,1.0,1.0,0.0948,0.1988,0.1453,0.2949,0.2662,0.4576,-0.0414
1286016,1290112,1.0,1.0,1.0,0.0948,0.1988,0.1453,0.2949,0.2662,0.458,-0.041
1290112,1294208,1.0,1.0,1.0,0.0948,0.1988,0.1453,0.2949,0.2662,0.4585,-0.0405
1294208,1298304,1.0,1.0,1.0,0.0948,0.1988,0.1453,0.2949,0.2662,0.4587,-0.0404
1298304,1300000,1.0,1.0,1.0,0.0948,0.1988,0.1453,0.2949,0.2662,0.4597,-0.0394
1300000,1304096,1.0,1.0,1.0,0.0948,0.1988,0.1453,0.2949,0.2662,0.4601,-0.039
1304096,1308192,1.0,1.0,1.0,0.0948,0.1988,0.1453,0.2949,0.2662,0.4607,-0.0384
1308192,1312288,1.0,1.0,1.0,0.0948,0.1988,0.1453,0.2949,0.2662,0.4609,-0.0382
1312288,1316384,0.9998,0.9999,1.0,0.0948,0.1988,0.1453,0.2949,0.2662,0.4597,-0.0394
1316384,1320480,1.0,0.9999,1.0,0.0948,0.1988,0.1453,0.2949,0.2662,0.4593,-0.0398
1320480,1324576,1.0,1.0,1.0,0.0948,0.1988,0.1453,0.2949,0.2662,0.4594,-0.0397
1324576,1328672,1.0,1.0,1.0,0.0948,0.1988,0.1453,0.2949,0.2662,0.4599,-0.0391
1328672,1332768,0.9999,1.0,1.0,0.0948,0.1988,0.1453,0.2949,0.2662,0.4598,-0.0393
1332768,1336864,1.0,1.0,1.0,0.0948,0.1988,0.1453,0.2949,0.2662,0.4587,-0.0404
1336864,1340960,1.0,1.0,1.0,0.0948,0.1988,0.1453,0.2949,0.2662,0.4586,-0.0404
1340960,1345056,1.0,1.0,1.0,0.0948,0.1988,0.1453,0.2949,0.2662,0.458,-0.0411
1345056,1349152,1.0,1.0,1.0,0.0948,0.1988,0.1453,0.2949,0.2662,0.4572,-0.0419
1349152,1353248,0.9998,0.9999,1.0,0.0948,0.1988,0.1453,0.2949,0.2662,0.4546,-0.0445
1353248,1357344,0.9999,0.9999,1.0,0.0948,0.1988,0.1453,0.2949,0.2662,0.4555,-0.0436
1357344,1361440,0.9996,0.9998,1.0,0.0948,0.1988,0.1453,0.2949,0.2662,0.4538,-0.0453
1361440,1365536,0.9999,0.9999,1.0,0.0948,0.1988,0.1453,0.2949,0.2662,0.4525,-0.0466
1365536,1369632,0.9999,0.9999,1.0,0.0948,0.1988,0.1453,0.2949,0.2662,0.454,-0.0451
1369632,1373728,0.9996,0.9998,1.0,0.0948,0.1988,0.1453,0.2949,0.2662,0.4553,-0.0438
1373728,1377824,0.9997,0.9998,1.0,0.0948,0.1988,0.1453,0.2949,0.2662,0.4537,-0.0454
1377824,1381920,0.9997,0.9998,1.0,0.0948,0.1988,0.1453,0.2949,0.2662,0.455,-0.0441
1381920,1386016,0.9996,0.9997,1.0,0.0948,0.1988,0.1453,0.2949,0.2662,0.4534,-0.0457
1386016,1390112,0.9996,0.9997,1.0,0.0948,0.1988,0.1453,0.2949,0.2662,0.4522,-0.0468
1390112,1394208,0.9999,0.9997,1.0,0.0948,0.1988,0.1453,0.2949,0.2662,0.4549,-0.0442
1394208,1398304,0.9999,0.9998,1.0,0.0948,0.1988,0.1453,0.2949,0.2662,0.4561,-0.043
1398304,1400000,0.9997,0.9997,1.0,0.0948,0.1988,0.1453,0.2949,0.2662,0.4577,-0.0413
1400000,1404096,0.9998,0.9998,1.0,0.0948,0.1988,0.1453,0.2949,0.2662,0.4558,-0.0433
1404096,1408192,0.9997,0.9998,1.0,0.0948,0.1988,0.1453,0.2949,0.2662,0.4571,-0.042
1408192,1412288,0.9996,0.9997,1.0,0.0948,0.1988,0.1453,0.2949,0.2662,0.4543,-0.0448
1412288,1416384,0.9998,0.9997,1.0,0.0948,0.1988,0.1453,0.2949,0.2662,0.4545,-0.0445
1416384,1420480,0.9999,0.9998,1.0,0.0948,0.1988,0.1453,0.2949,0.2662,0.4557,-0.0433
1420480,1424576,0.9997,0.9998,1.0,0.0948,0.1988,0.1453,0.2949,0.2662,0.4568,-0.0422
1424576,1428672,0.9995,0.9997,1.0,0.0948,0.1988,0.1453,0.2949,0.2662,0.4547,-0.0444
1428672,1432768,0.9999,0.9997,1.0,0.0948,0.1988,0.1453,0.2949,0.2662,0.4568,-0.0422
1432768,1436864,0.9997,0.9997,1.0,0.0948,0.1988,0.1453,0.2949,0.2662,0.4543,-0.0448
1436864,1440960,0.9997,0.9997,1.0,0.0948,0.1988,0.1453,0.2949,0.2662,0.4527,-0.0464
1440960,1445056,0.9998,0.9998,1.0,0.0948,0.1988,0.1453,0.2949,0.2662,0.4546,-0.0445
1445056,1449152,0.9997,0.9997,1.0,0.0948,0.1988,0.1453,0.2949,0.2662,0.456,-0.0431
1449152,1453248,0.9996,0.9997,1.0,0.0948,0.1988,0.1453,0.2949,0.2662,0.4537,-0.0454
1453248,1457344,0.9997,0.9997,1.0,0.0948,0.1988,0.1453,0.2949,0.2662,0.4543,-0.0448
1457344,1461440,0.9999,0.9998,1.0,0.0948,0.1988,0.1453,0.2949,0.2662,0.4545,-0.0445
1461440,1465536,1.0,0.9998,1.0,0.0948,0.1988,0.1453,0.2949,0.2662,0.4558,-0.0433
1465536,1469632,1.0,0.9999,1.0,0.0948,0.1988,0.1453,0.2949,0.2662,0.4569,-0.0422
1469632,1473728,1.0,0.9999,1.0,0.0948,0.1988,0.1453,0.2949,0.2662,0.4575,-0.0416
1473728,1477824,1.0,0.9999,1.0,0.0948,0.1988,0.1453,0.2949,0.2662,0.4576,-0.0415
1477824,1481920,0.9999,0.9999,1.0,0.0948,0.1988,0.1453,0.2949,0.2662,0.4582,-0.0408
1481920,1486016,0.9999,0.9999,1.0,0.0948,0.1988,0.1453,0.2949,0.2662,0.459,-0.04
1486016,1490112,0.9999,0.9999,1.0,0.0948,0.1988,0.1453,0.2949,0.2662,0.4598,-0.0393
1490112,1494208,1.0,1.0,1.0,0.0948,0.1988,0.1453,0.2949,0.2662,0.4599,-0.0391
1494208,1498304,0.9999,0.9999,1.0,0.0948,0.1988,0.1453,0.2949,0.2662,0.4603,-0.0388
1498304,1500000,1.0,1.0,1.0,0.0948,0.1988,0.1453,0.2949,0.2662,0.4597,-0.0393
1500000,1504096,0.9998,0.9999,1.0,0.0948,0.1988,0.1453,0.2949,0.2662,0.4598,-0.0392
1504096,1508192,1.0,0.9999,1.0,0.0948,0.1988,0.1453,0.2949,0.2662,0.4598,-0.0392
1508192,1512288,1.0,1.0,1.0,0.0948,0.1988,0.1453,0.2949,0.2662,0.4602,-0.0389
1512288,1516384,0.9999,1.0,1.0,0.0948,0.1988,0.1453,0.2949,0.2662,0.4603,-0.0388
1516384,1520480,1.0,1.0,1.0,0.0948,0.1988,0.1453,0.2949,0.2662,0.4601,-0.0389
1520480,1524576,0.9999,1.0,1.0,0.0948,0.1988,0.1453,0.2949,0.2662,0.4605,-0.0386
1524576,1528672,0.9999,1.0,1.0,0.0948,0.1988,0.1453,0.2949,0.2662,0.461,-0.0381
1528672,1532768,0.9999,0.9999,1.0,0.0948,0.1988,0.1453,0.2949,0.2662,0.4607,-0.0384
1532768,1536864,0.9999,0.9999,1.0,0.0948,0.1988,0.1453,0.2949,0.2662,0.4605,-0.0385
1536864,1540960,1.0,1.0,1.0,0.0948,0.1988,0.1453,0.2949,0.2662,0.4603,-0.0387
1540960,1545056,1.0,1.0,1.0,0.0948,0.1988,0.1453,0.2949,0.2662,0.4592,-0.0399
1545056,1549152,0.9999,1.0,1.0,0.0948,0.1988,0.1453,0.2949,0.2662,0.4591,-0.04
1549152,1553248,1.0,1.0,1.0,0.0948,0.1988,0.1453,0.2949,0.2662,0.4583,-0.0407
1553248,1557344,1.0,1.0,1.0,0.0948,0.1988,0.1453,0.2949,0.2662,0.4587,-0.0403
1557344,1561440,1.0,1.0,1.0,0.0948,0.1988,0.1453,0.2949,0.2662,0.4591,-0.0399
1561440,1565536,0.9999,1.0,1.0,0.0948,0.1988,0.1453,0.2949,0.2662,0.4593,-0.0397
1565536,1569632,0.9999,1.0,1.0,0.0948,0.1988,0.1453,0.2949,0.2662,0.4596,-0.0395
1569632,1573728,1.0,1.0,1.0,0.0948,0.1988,0.1453,0.2949,0.2662,0.4593,-0.0397
1573728,1577824,1.0,1.0,1.0,0.0948,0.1988,0.1453,0.2949,0.2662,0.4594,-0.0396
1577824,1581920,1.0,1.0,1.0,0.0948,0.1988,0.1453,0.2949,0.2662,0.4595,-0.0396
1581920,1586016,1.0,1.0,1.0,0.0948,0.1988,0.1453,0.2949,0.2662,0.4597,-0.0393
1586016,1590112,1.0,1.0,1.0,0.0948,0.1988,0.1453,0.2949,0.2662,0.46,-0.0391
1590112,1594208,1.0,1.0,1.0,0.0948,0.1988,0.1453,0.2949,0.2662,0.4597,-0.0394
1594208,1598304,1.0,1.0,1.0,0.0948,0.1988,0.1453,0.2949,0.2662,0.4599,-0.0392
1598304,1600000,1.0,1.0,1.0,0.0948,0.1988,0.1453,0.2949,0.2662,0.4595,-0.0395
1600000,1604096,1.0,1.0,1.0,0.0948,0.1988,0.1453,0.2949,0.2662,0.4597,-0.0394
1604096,1608192,1.0,1.0,1.0,0.0948,0.1988,0.1453,0.2949,0.2662,0.4598,-0.0392
1608192,1612288,0.9999,1.0,1.0,0.0948,0.1988,0.1453,0.2949,0.2662,0.4599,-0.0391
1612288,1616384,1.0,1.0,1.0,0.0948,0.1988,0.1453,0.2949,0.2662,0.46,-0.0391
1616384,1620480,1.0,1.0,1.0,0.0948,0.1988,0.1453,0.2949,0.2662,0.46,-0.0391
1620480,1624576,1.0,1.0,1.0,0.0948,0.1988,0.1453,0.2949,0.2662,0.46,-0.0391
1624576,1628672,1.0,1.0,1.0,0.0948,0.1988,0.1453,0.2949,0.2662,0.4601,-0.039
1628672,1632768,0.9999,1.0,1.0,0.0948,0.1988,0.1453,0.2949,0.2662,0.4603,-0.0388
1632768,1636864,1.0,1.0,1.0,0.0948,0.1988,0.1453,0.2949,0.2662,0.46,-0.0391
1636864,1640960,1.0,1.0,1.0,0.0948,0.1988,0.1453,0.2949,0.2662,0.4603,-0.0388
1640960,1645056,1.0,1.0,1.0,0.0948,0.1988,0.1453,0.2949,0.2662,0.4602,-0.0389
1645056,1649152,1.0,1.0,1.0,0.0948,0.1988,0.1453,0.2949,0.2662,0.4605,-0.0386
1649152,1653248,1.0,1.0,1.0,0.0948,0.1988,0.1453,0.2949,0.2662,0.4606,-0.0385
1653248,1657344,1.0,1.0,1.0,0.0948,0.1988,0.1453,0.2949,0.2662,0.4608,-0.0383
1657344,1661440,1.0,1.0,1.0,0.0948,0.1988,0.1453,0.2949,0.2662,0.4608,-0.0383
1661440,1665536,1.0,1.0,1.0,0.0948,0.1988,0.1453,0.2949,0.2662,0.4611,-0.038
1665536,1669632,1.0,1.0,1.0,0.0948,0.1988,0.1453,0.2949,0.2662,0.4608,-0.0382
1669632,1673728,1.0,1.0,1.0,0.0948,0.1988,0.1453,0.2949,0.2662,0.4607,-0.0383
1673728,1677824,0.9999,1.0,1.0,0.0948,0.1988,0.1453,0.2949,0.2662,0.4605,-0.0386
1677824,1681920,1.0,1.0,1.0,0.0948,0.1988,0.1453,0.2949,0.2662,0.4609,-0.0382
1681920,1686016,0.9999,1.0,1.0,0.0948,0.1988,0.1453,0.2949,0.2662,0.4609,-0.0382
1686016,1690112,0.9999,1.0,1.0,0.0948,0.1988,0.1453,0.2949,0.2662,0.4617,-0.0373
1690112,1694208,0.9998,0.9999,1.0,0.0948,0.1988,0.1453,0.2949,0.2662,0.4631,-0.036
1694208,1698304,1.0,0.9999,1.0,0.0948,0.1988,0.1453,0.2949,0.2662,0.4657,-0.0334
1698304,1700000,1.0,1.0,1.0,0.0948,0.1988,0.1453,0.2949,0.2662,0.467,-0.032
1700000,1704096,1.0,1.0,1.0,0.0948,0.1988,0.1453,0.2949,0.2662,0.469,-0.0301
1704096,1708192,1.0,1.0,1.0,0.0948,0.1988,0.1453,0.2949,0.2662,0.471,-0.0281
1708192,1712288,1.0,1.0,1.0,0.0948,0.1988,0.1453,0.2949,0.2662,0.4722,-0.0269
1712288,1716384,1.0,1.0,1.0,0.0948,0.1988,0.1453,0.2949,0.2662,0.4733,-0.0258
1716384,1720480,1.0,1.0,1.0,0.0948,0.1988,0.1453,0.2949,0.2662,0.4741,-0.025
1720480,1724576,1.0,1.0,1.0,0.0948,0.1988,0.1453,0.2949,0.2662,0.4752,-0.0239
1724576,1728672,1.0,1.0,1.0,0.0948,0.1988,0.1453,0.2949,0.2662,0.4753,-0.0237
1728672,1732768,1.0,1.0,1.0,0.0948,0.1988,0.1453,0.2949,0.2662,0.4753,-0.0237
1732768,1736864,1.0,1.0,1.0,0.0948,0.1988,0.1453,0.2949,0.2662,0.4755,-0.0236
1736864,1740960,1.0,1.0,1.0,0.0948,0.1988,0.1453,0.2949,0.2662,0.4761,-0.0229
1740960,1745056,1.0,1.0,1.0,0.0948,0.1988,0.1453,0.2949,0.2662,0.4765,-0.0226
1745056,1749152,1.0,1.0,1.0,0.0948,0.1988,0.1453,0.2949,0.2662,0.4768,-0.0222
1749152,1753248,1.0,1.0,1.0,0.0948,0.1988,0.1453,0.2949,0.2662,0.4774,-0.0217
1753248,1757344,1.0,1.0,1.0,0.0948,0.1988,0.1453,0.2949,0.2662,0.4778,-0.0213
1757344,1761440,1.0,1.0,1.0,0.0948,0.1988,0.1453,0.2949,0.2662,0.4778,-0.0213
1761440,1765536,1.0,1.0,1.0,0.0948,0.1988,0.1453,0.2949,0.2662,0.4777,-0.0214
1765536,1769632,1.0,1.0,1.0,0.0948,0.1988,0.1453,0.2949,0.2662,0.4776,-0.0215
1769632,1773728,1.0,1.0,1.0,0.0948,0.1988,0.1453,0.2949,0.2662,0.4774,-0.0217
1773728,1777824,1.0,1.0,1.0,0.0948,0.1988,0.1453,0.2949,0.2662,0.4771,-0.022
1777824,1781920,0.9999,1.0,1.0,0.0948,0.1988,0.1453,0.2949,0.2662,0.4762,-0.0228
1781920,1786016,1.0,1.0,1.0,0.0948,0.1988,0.1453,0.2949,0.2662,0.4763,-0.0228
1786016,1790112,1.0,1.0,1.0,0.0948,0.1988,0.1453,0.2949,0.2662,0.4759,-0.0232
1790112,1794208,1.0,1.0,1.0,0.0948,0.1988,0.1453,0.2949,0.2662,0.4754,-0.0237
1794208,1798304,1.0,1.0,1.0,0.0948,0.1988,0.1453,0.2949,0.2662,0.4749,-0.0242
1798304,1800000,1.0,1.0,1.0,0.0948,0.1988,0.1453,0.2949,0.2662,0.475,-0.0241
1800000,1804096,1.0,1.0,1.0,0.0948,0.1988,0.1453,0.2949,0.2662,0.4755,-0.0235
1804096,1808192,1.0,1.0,1.0,0.0948,0.1988,0.1453,0.2949,0.2662,0.4754,-0.0237
1808192,1812288,0.9999,1.0,1.0,0.0948,0.1988,0.1453,0.2949,0.2662,0.4758,-0.0233
1812288,1816384,0.9999,1.0,1.0,0.0948,0.1988,0.1453,0.2949,0.2662,0.4759,-0.0231
1816384,1820480,0.9999,0.9999,1.0,0.0948,0.1988,0.1453,0.2949,0.2662,0.4768,-0.0223
1820480,1824576,1.0,1.0,1.0,0.0948,0.1988,0.1453,0.2949,0.2662,0.4771,-0.0219
1824576,1828672,0.9999,0.9999,1.0,0.0948,0.1988,0.1453,0.2949,0.2662,0.4768,-0.0222
1828672,1832768,1.0,1.0,1.0,0.0948,0.1988,0.1453,0.2949,0.2662,0.4768,-0.0222
1832768,1836864,1.0,1.0,1.0,0.0948,0.1988,0.1453,0.2949,0.2662,0.4761,-0.0229
1836864,1840960,1.0,1.0,1.0,0.0948,0.1988,0.1453,0.2949,0.2662,0.4761,-0.023
1840960,1845056,0.9999,1.0,1.0,0.0948,0.1988,0.1453,0.2949,0.2662,0.4755,-0.0235
1845056,1849152,0.9999,0.9999,1.0,0.0948,0.1988,0.1453,0.2949,0.2662,0.4757,-0.0234
1849152,1853248,1.0,1.0,1.0,0.0948,0.1988,0.1453,0.2949,0.2662,0.4753,-0.0238
1853248,1857344,0.9998,0.9999,1.0,0.0948,0.1988,0.1453,0.2949,0.2662,0.4752,-0.0239
1857344,1861440,1.0,0.9999,1.0,0.0948,0.1988,0.1453,0.2949,0.2662,0.4752,-0.0238
1861440,1865536,1.0,1.0,1.0,0.0948,0.1988,0.1453,0.2949,0.2662,0.4753,-0.0237
1865536,1869632,1.0,1.0,1.0,0.0948,0.1988,0.1453,0.2949,0.2662,0.4748,-0.0243
1869632,1873728,1.0,1.0,1.0,0.0948,0.1988,0.1453,0.2949,0.2662,0.4748,-0.0243
1873728,1877824,1.0,1.0,1.0,0.0948,0.1988,0.1453,0.2949,0.2662,0.4741,-0.0249
1877824,1881920,1.0,1.0,1.0,0.0948,0.1988,0.1453,0.2949,0.2662,0.4738,-0.0253
1881920,1886016,1.0,1.0,1.0,0.0948,0.1988,0.1453,0.2949,0.2662,0.474,-0.0251
1886016,1890112,1.0,1.0,1.0,0.0948,0.1988,0.1453,0.2949,0.2662,0.4737,-0.0253
1890112,1894208,1.0,1.0,1.0,0.0948,0.1988,0.1453,0.2949,0.2662,0.4743,-0.0248
1894208,1898304,1.0,1.0,1.0,0.0948,0.1988,0.1453,0.2949,0.2662,0.4746,-0.0245
1898304,1900000,1.0,1.0,1.0,0.0948,0.1988,0.1453,0.2949,0.2662,0.4744,-0.0247
1900000,1904096,1.0,1.0,1.0,0.0948,0.1988,0.1453,0.2949,0.2662,0.4744,-0.0247
1904096,1908192,1.0,1.0,1.0,0.0948,0.1988,0.1453,0.2949,0.2662,0.4742,-0.0249
1908192,1912288,1.0,1.0,1.0,0.0948,0.1988,0.1453,0.2949,0.2662,0.4741,-0.025
1912288,1916384,1.0,1.0,1.0,0.0948,0.1988,0.1453,0.2949,0.2662,0.4743,-0.0247
1916384,1920480,1.0,1.0,1.0,0.0948,0.1988,0.1453,0.2949,0.2662,0.4738,-0.0253
1920480,1924576,1.0,1.0,1.0,0.0948,0.1988,0.1453,0.2949,0.2662,0.4732,-0.0258
1924576,1928672,1.0,1.0,1.0,0.0948,0.1988,0.1453,0.2949,0.2662,0.4728,-0.0263
1928672,1932768,0.9999,1.0,1.0,0.0948,0.1988,0.1453,0.2949,0.2662,0.4727,-0.0264
1932768,1936864,1.0,1.0,1.0,0.0948,0.1988,0.1453,0.2949,0.2662,0.4718,-0.0272
1936864,1940960,1.0,1.0,1.0,0.0948,0.1988,0.1453,0.2949,0.2662,0.4707,-0.0283
1940960,1945056,1.0,1.0,1.0,0.0948,0.1988,0.1453,0.2949,0.2662,0.4708,-0.0283
1945056,1949152,1.0,1.0,1.0,0.0948,0.1988,0.1453,0.2949,0.2662,0.4712,-0.0279
1949152,1953248,1.0,1.0,1.0,0.0948,0.1988,0.1453,0.2949,0.2662,0.4718,-0.0273
1953248,1957344,1.0,1.0,1.0,0.0948,0.1988,0.1453,0.2949,0.2662,0.472,-0.027
1957344,1961440,0.9999,1.0,1.0,0.0948,0.1988,0.1453,0.2949,0.2662,0.4725,-0.0266
1961440,1965536,1.0,1.0,1.0,0.0948,0.1988,0.1453,0.2949,0.2662,0.4725,-0.0266
1965536,1969632,1.0,1.0,1.0,0.0948,0.1988,0.1453,0.2949,0.2662,0.4727,-0.0264
1969632,1973728,0.9993,0.9998,1.0,0.0948,0.1988,0.1453,0.2949,0.2662,0.468,-0.0311
1973728,1977824,0.9996,0.9997,1.0,0.0948,0.1988,0.1453,0.2949,0.2662,0.464,-0.0351
1977824,1981920,0.9995,0.9997,1.0,0.0948,0.1988,0.1453,0.2949,0.2662,0.4607,-0.0384
1981920,1986016,0.9996,0.9997,1.0,0.0948,0.1988,0.1453,0.2949,0.2662,0.4577,-0.0413
1986016,1990112,0.9994,0.9996,1.0,0.0948,0.1988,0.1453,0.2949,0.2662,0.4554,-0.0437
1990112,1994208,0.9996,0.9996,1.0,0.0948,0.1988,0.1453,0.2949,0.2662,0.4531,-0.0459
1994208,1998304,0.9995,0.9996,1.0,0.0948,0.1988,0.1453,0.2949,0.2662,0.4515,-0.0476
1998304,2000000,0.9997,0.9996,1.0,0.0948,0.1988,0.1453,0.2949,0.2662,0.4501,-0.0489
2000000,2004096,0.9995,0.9996,1.0,0.0948,0.1988,0.1453,0.2949,0.2662,0.4489,-0.0501
2004096,2008192,0.9997,0.9996,1.0,0.0948,0.1988,0.1453,0.2949,0.2662,0.4476,-0.0514
2008192,2012288,0.9996,0.9996,1.0,0.0948,0.1988,0.1453,0.2949,0.2662,0.4466,-0.0524
2012288,2016384,0.9993,0.9995,1.0,0.0948,0.1988,0.1453,0.2949,0.2662,0.4459,-0.0532
2016384,2020480,0.9995,0.9995,1.0,0.0948,0.1988,0.1453,0.2949,0.2662,0.4452,-0.0539
2020480,2024576,0.9997,0.9996,1.0,0.0948,0.1988,0.1453,0.2949,0.2662,0.4446,-0.0544
2024576,2028672,0.9995,0.9996,1.0,0.0948,0.1988,0.1453,0.2949,0.2662,0.4441,-0.0549
2028672,2032768,0.9996,0.9996,1.0,0.0948,0.1988,0.1453,0.2949,0.2662,0.4437,-0.0554
2032768,2036864,0.9994,0.9995,1.0,0.0948,0.1988,0.1453,0.2949,0.2662,0.4431,-0.0559
2036864,2040960,0.9995,0.9995,1.0,0.0948,0.1988,0.1453,0.2949,0.2662,0.4427,-0.0563
2040960,2045056,0.9994,0.9995,1.0,0.0948,0.1988,0.1453,0.2949,0.2662,0.4423,-0.0568
2045056,2049152,0.9995,0.9995,1.0,0.0948,0.1988,0.1453,0.2949,0.2662,0.4421,-0.057
2049152,2053248,0.9996,0.9995,1.0,0.0948,0.1988,0.1453,0.2949,0.2662,0.4419,-0.0572
2053248,2057344,0.9997,0.9995,1.0,0.0948,0.1988,0.1453,0.2949,0.2662,0.4417,-0.0573
2057344,2061440,0.9996,0.9996,1.0,0.0948,0.1988,0.1453,0.2949,0.2662,0.4416,-0.0575
2061440,2065536,0.9995,0.9995,1.0,0.0948,0.1988,0.1453,0.2949,0.2662,0.4414,-0.0577
2065536,2069632,0.9992,0.9994,1.0,0.0948,0.1988,0.1453,0.2949,0.2662,0.4414,-0.0577
2069632,2073728,0.9995,0.9995,1.0,0.0948,0.1988,0.1453,0.2949,0.2662,0.4414,-0.0577
2073728,2077824,0.9994,0.9994,1.0,0.0948,0.1988,0.1453,0.2949,0.2662,0.4414,-0.0577
2077824,2081920,0.9994,0.9994,1.0,0.0948,0.1988,0.1453,0.2949,0.2662,0.4414,-0.0576
2081920,2086016,0.9997,0.9995,1.0,0.0948,0.1988,0.1453,0.2949,0.2662,0.4414,-0.0577
2086016,2090112,0.9995,0.9995,1.0,0.0948,0.1988,0.1453,0.2949,0.2662,0.4414,-0.0577
2090112,2094208,0.9998,0.9996,1.0,0.0948,0.1988,0.1453,0.2949,0.2662,0.4413,-0.0578
2094208,2098304,0.9995,0.9995,1.0,0.0948,0.1988,0.1453,0.2949,0.2662,0.4412,-0.0579
2098304,2100000,0.9996,0.9996,1.0,0.0948,0.1988,0.1453,0.2949,0.2662,0.4411,-0.058
2100000,2104096,0.9997,0.9996,1.0,0.0948,0.1988,0.1453,0.2949,0.2662,0.4411,-0.058
2104096,2108192,0.9994,0.9996,1.0,0.0948,0.1988,0.1453,0.2949,0.2662,0.4411,-0.058
2108192,2112288,0.9996,0.9996,1.0,0.0948,0.1988,0.1453,0.2949,0.2662,0.4411,-0.058
2112288,2116384,0.9995,0.9996,1.0,0.0948,0.1988,0.1453,0.2949,0.2662,0.4411,-0.058
2116384,2120480,0.9996,0.9996,1.0,0.0948,0.1988,0.1453,0.2949,0.2662,0.4411,-0.058
2120480,2124576,0.9996,0.9996,1.0,0.0948,0.1988,0.1453,0.2949,0.2662,0.4412,-0.0579
2124576,2128672,0.9995,0.9996,1.0,0.0948,0.1988,0.1453,0.2949,0.2662,0.4412,-0.0579
2128672,2132768,0.9996,0.9996,1.0,0.0948,0.1988,0.1453,0.2949,0.2662,0.4412,-0.0579
2132768,2136864,0.9995,0.9995,1.0,0.0948,0.1988,0.1453,0.2949,0.2662,0.4413,-0.0578
2136864,2140960,0.9997,0.9996,1.0,0.0948,0.1988,0.1453,0.2949,0.2662,0.4457,-0.0534
2140960,2145056,1.0,0.9997,1.0,0.0948,0.1988,0.1453,0.2949,0.2662,0.4507,-0.0484
2145056,2149152,1.0,0.9998,1.0,0.0948,0.1988,0.1453,0.2949,0.2662,0.4547,-0.0444
2149152,2153248,1.0,0.9998,1.0,0.0948,0.1988,0.1453,0.2949,0.2662,0.4585,-0.0406
2153248,2157344,1.0,0.9999,1.0,0.0948,0.1988,0.1453,0.2949,0.2662,0.4612,-0.0378
2157344,2161440,1.0,0.9999,1.0,0.0948,0.1988,0.1453,0.2949,0.2662,0.4635,-0.0355
2161440,2165536,1.0,0.9999,1.0,0.0948,0.1988,0.1453,0.2949,0.2662,0.466,-0.0331
2165536,2169632,1.0,0.9999,1.0,0.0948,0.1988,0.1453,0.2949,0.2662,0.468,-0.031
2169632,2173728,1.0,1.0,1.0,0.0948,0.1988,0.1453,0.2949,0.2662,0.4689,-0.0301
2173728,2177824,1.0,1.0,1.0,0.0948,0.1988,0.1453,0.2949,0.2662,0.4701,-0.029
2177824,2181920,1.0,1.0,1.0,0.0948,0.1988,0.1453,0.2949,0.2662,0.4702,-0.0289
2181920,2186016,1.0,1.0,1.0,0.0948,0.1988,0.1453,0.2949,0.2662,0.4705,-0.0286
2186016,2190112,0.9999,1.0,1.0,0.0948,0.1988,0.1453,0.2949,0.2662,0.4712,-0.0279
2190112,2194208,1.0,1.0,1.0,0.0948,0.1988,0.1453,0.2949,0.2662,0.4719,-0.0272
2194208,2198304,1.0,1.0,1.0,0.0948,0.1988,0.1453,0.2949,0.2662,0.4723,-0.0267
2198304,2200000,1.0,1.0,1.0,0.0948,0.1988,0.1453,0.2949,0.2662,0.4724,-0.0267
2200000,2204096,0.9999,1.0,1.0,0.0948,0.1988,0.1453,0.2949,0.2662,0.4725,-0.0266
2204096,2208192,0.9999,0.9999,1.0,0.0948,0.1988,0.1453,0.2949,0.2662,0.4718,-0.0273
2208192,2212288,1.0,1.0,1.0,0.0948,0.1988,0.1453,0.2949,0.2662,0.4706,-0.0285
2212288,2216384,0.9998,0.9999,1.0,0.0948,0.1988,0.1453,0.2949,0.2662,0.47,-0.0291
2216384,2220480,0.9999,0.9999,1.0,0.0948,0.1988,0.1453,0.2949,0.2662,0.4699,-0.0291
2220480,2224576,0.9999,0.9999,1.0,0.0948,0.1988,0.1453,0.2949,0.2662,0.4697,-0.0294
2224576,2228672,0.9998,0.9999,1.0,0.0948,0.1988,0.1453,0.2949,0.2662,0.4684,-0.0307
2228672,2232768,0.9999,0.9999,1.0,0.0948,0.1988,0.1453,0.2949,0.2662,0.4681,-0.0309
2232768,2236864,1.0,0.9999,1.0,0.0948,0.1988,0.1453,0.2949,0.2662,0.4685,-0.0306
2236864,2240960,0.9999,0.9999,1.0,0.0948,0.1988,0.1453,0.2949,0.2662,0.4679,-0.0312
2240960,2245056,1.0,0.9999,1.0,0.0948,0.1988,0.1453,0.2949,0.2662,0.4679,-0.0311
2245056,2249152,0.9999,0.9999,1.0,0.0948,0.1988,0.1453,0.2949,0.2662,0.4672,-0.0319
2249152,2253248,0.9999,0.9999,1.0,0.0948,0.1988,0.1453,0.2949,0.2662,0.4651,-0.034
2253248,2257344,0.9999,0.9999,1.0,0.0948,0.1988,0.1453,0.2949,0.2662,0.4643,-0.0348
2257344,2261440,0.9999,0.9999,1.0,0.0948,0.1988,0.1453,0.2949,0.2662,0.4629,-0.0362
2261440,2265536,0.9999,0.9999,1.0,0.0948,0.1988,0.1453,0.2949,0.2662,0.4623,-0.0368
2265536,2269632,0.9998,0.9999,1.0,0.0948,0.1988,0.1453,0.2949,0.2662,0.4613,-0.0378
2269632,2273728,0.9999,0.9999,1.0,0.0948,0.1988,0.1453,0.2949,0.2662,0.4607,-0.0384
2273728,2277824,0.9999,0.9999,1.0,0.0948,0.1988,0.1453,0.2949,0.2662,0.4601,-0.039
2277824,2281920,0.9999,0.9999,1.0,0.0948,0.1988,0.1453,0.2949,0.2662,0.4598,-0.0393
2281920,2286016,0.9999,0.9999,1.0,0.0948,0.1988,0.1453,0.2949,0.2662,0.4594,-0.0397
2286016,2290112,0.9998,0.9999,1.0,0.0948,0.1988,0.1453,0.2949,0.2662,0.4587,-0.0404
2290112,2294208,0.9998,0.9999,1.0,0.0948,0.1988,0.1453,0.2949,0.2662,0.4587,-0.0404
2294208,2298304,0.9997,0.9998,1.0,0.0948,0.1988,0.1453,0.2949,0.2662,0.458,-0.0411
2298304,2300000,0.9999,0.9999,1.0,0.0948,0.1988,0.1453,0.2949,0.2662,0.4587,-0.0404
2300000,2304096,0.9999,0.9999,1.0,0.0948,0.1988,0.1453,0.2949,0.2662,0.4586,-0.0405
2304096,2308192,0.9999,0.9999,1.0,0.0948,0.1988,0.1453,0.2949,0.2662,0.4583,-0.0408
2308192,2312288,0.9998,0.9999,1.0,0.0948,0.1988,0.1453,0.2949,0.2662,0.4583,-0.0408
2312288,2316384,0.9999,0.9999,1.0,0.0948,0.1988,0.1453,0.2949,0.2662,0.4582,-0.0409
2316384,2320480,0.9998,0.9998,1.0,0.0948,0.1988,0.1453,0.2949,0.2662,0.4572,-0.0418
2320480,2324576,0.9999,0.9999,1.0,0.0948,0.1988,0.1453,0.2949,0.2662,0.4573,-0.0417
2324576,2328672,0.9999,0.9999,1.0,0.0948,0.1988,0.1453,0.2949,0.2662,0.4575,-0.0415
2328672,2332768,0.9998,0.9999,1.0,0.0948,0.1988,0.1453,0.2949,0.2662,0.4576,-0.0415
2332768,2336864,0.9998,0.9998,1.0,0.0948,0.1988,0.1453,0.2949,0.2662,0.4575,-0.0416
2336864,2340960,0.9999,0.9999,1.0,0.0948,0.1988,0.1453,0.2949,0.2662,0.4575,-0.0416
2340960,2345056,0.9999,0.9999,1.0,0.0948,0.1988,0.1453,0.2949,0.2662,0.4572,-0.0418
2345056,2349152,0.9998,0.9998,1.0,0.0948,0.1988,0.1453,0.2949,0.2662,0.4568,-0.0423
2349152,2353248,0.9999,0.9998,1.0,0.0948,0.1988,0.1453,0.2949,0.2662,0.457,-0.0421
2353248,2357344,0.9998,0.9998,1.0,0.0948,0.1988,0.1453,0.2949,0.2662,0.4568,-0.0423
2357344,2361440,0.9999,0.9999,1.0,0.0948,0.1988,0.1453,0.2949,0.2662,0.457,-0.0421
2361440,2365536,0.9998,0.9998,1.0,0.0948,0.1988,0.1453,0.2949,0.2662,0.457,-0.0421
2365536,2369632,0.9998,0.9998,1.0,0.0948,0.1988,0.1453,0.2949,0.2662,0.4571,-0.042
2369632,2373728,0.9999,0.9998,1.0,0.0948,0.1988,0.1453,0.2949,0.2662,0.4571,-0.042
2373728,2377824,0.9998,0.9998,1.0,0.0948,0.1988,0.1453,0.2949,0.2662,0.4569,-0.0421
2377824,2381920,0.9998,0.9998,1.0,0.0948,0.1988,0.1453,0.2949,0.2662,0.4565,-0.0426
2381920,2386016,0.9999,0.9998,1.0,0.0948,0.1988,0.1453,0.2949,0.2662,0.457,-0.0421
2386016,2390112,0.9999,0.9999,1.0,0.0948,0.1988,0.1453,0.2949,0.2662,0.4572,-0.0419
2390112,2394208,0.9998,0.9998,1.0,0.0948,0.1988,0.1453,0.2949,0.2662,0.4571,-0.042
2394208,2398304,0.9999,0.9999,1.0,0.0948,0.1988,0.1453,0.2949,0.2662,0.4568,-0.0423
2398304,2400000,0.9999,0.9999,1.0,0.0948,0.1988,0.1453,0.2949,0.2662,0.4579,-0.0412
2400000,2404096,0.9998,0.9999,1.0,0.0948,0.1988,0.1453,0.2949,0.2662,0.4578,-0.0412
2404096,2408192,0.9998,0.9998,1.0,0.0948,0.1988,0.1453,0.2949,0.2662,0.4571,-0.042
2408192,2412288,0.9999,0.9999,1.0,0.0948,0.1988,0.1453,0.2949,0.2662,0.4574,-0.0417
2412288,2416384,0.9999,0.9999,1.0,0.0948,0.1988,0.1453,0.2949,0.2662,0.4572,-0.0419
2416384,2420480,0.9999,0.9999,1.0,0.0948,0.1988,0.1453,0.2949,0.2662,0.4576,-0.0414
2420480,2424576,0.9998,0.9999,1.0,0.0948,0.1988,0.1453,0.2949,0.2662,0.4572,-0.0419
2424576,2428672,0.9999,0.9999,1.0,0.0948,0.1988,0.1453,0.2949,0.2662,0.4575,-0.0416
2428672,2432768,0.9999,0.9999,1.0,0.0948,0.1988,0.1453,0.2949,0.2662,0.4577,-0.0414
2432768,2436864,0.9999,0.9999,1.0,0.0948,0.1988,0.1453,0.2949,0.2662,0.4575,-0.0416
2436864,2440960,0.9998,0.9999,1.0,0.0948,0.1988,0.1453,0.2949,0.2662,0.457,-0.0421
2440960,2445056,0.9998,0.9999,1.0,0.0948,0.1988,0.1453,0.2949,0.2662,0.4533,-0.0458
2445056,2449152,1.0,0.9999,1.0,0.0948,0.1988,0.1453,0.2949,0.2662,0.456,-0.043
2449152,2453248,0.9998,0.9999,1.0,0.0948,0.1988,0.1453,0.2949,0.2662,0.4564,-0.0427
2453248,2457344,0.9999,0.9999,1.0,0.0948,0.1988,0.1453,0.2949,0.2662,0.454,-0.0451
2457344,2461440,0.9999,0.9999,1.0,0.0948,0.1988,0.1453,0.2949,0.2662,0.4521,-0.047
2461440,2465536,0.9999,0.9999,1.0,0.0948,0.1988,0.1453,0.2949,0.2662,0.452,-0.047
2465536,2469632,1.0,0.9999,1.0,0.0948,0.1988,0.1453,0.2949,0.2662,0.4482,-0.0509
2469632,2473728,1.0,0.9999,1.0,0.0948,0.1988,0.1453,0.2949,0.2662,0.4532,-0.0459
2473728,2477824,1.0,0.9999,1.0,0.0948,0.1988,0.1453,0.2949,0.2662,0.4566,-0.0424
2477824,2481920,0.9999,0.9999,1.0,0.0948,0.1988,0.1453,0.2949,0.2662,0.4596,-0.0395
2481920,2486016,1.0,1.0,1.0,0.0948,0.1988,0.1453,0.2949,0.2662,0.4615,-0.0375
2486016,2490112,1.0,1.0,1.0,0.0948,0.1988,0.1453,0.2949,0.2662,0.4638,-0.0353
2490112,2494208,1.0,1.0,1.0,0.0948,0.1988,0.1453,0.2949,0.2662,0.4659,-0.0332
2494208,2498304,1.0,1.0,1.0,0.0948,0.1988,0.1453,0.2949,0.2662,0.4671,-0.0319
2498304,2500000,0.9999,0.9999,1.0,0.0948,0.1988,0.1453,0.2949,0.2662,0.4685,-0.0305
2500000,2504096,1.0,1.0,1.0,0.0948,0.1988,0.1453,0.2949,0.2662,0.4701,-0.029
2504096,2508192,1.0,1.0,1.0,0.0948,0.1988,0.1453,0.2949,0.2662,0.4707,-0.0284
2508192,2512288,1.0,1.0,1.0,0.0948,0.1988,0.1453,0.2949,0.2662,0.4717,-0.0273
2512288,2516384,1.0,1.0,1.0,0.0948,0.1988,0.1453,0.2949,0.2662,0.4722,-0.0268
2516384,2520480,0.9999,1.0,1.0,0.0948,0.1988,0.1453,0.2949,0.2662,0.4729,-0.0262
2520480,2524576,0.9998,0.9999,1.0,0.0948,0.1988,0.1453,0.2949,0.2662,0.4737,-0.0253
2524576,2528672,1.0,0.9999,1.0,0.0948,0.1988,0.1453,0.2949,0.2662,0.4736,-0.0254
2528672,2532768,0.9998,0.9999,1.0,0.0948,0.1988,0.1453,0.2949,0.2662,0.4735,-0.0256
2532768,2536864,1.0,0.9999,1.0,0.0948,0.1988,0.1453,0.2949,0.2662,0.4727,-0.0263
2536864,2540960,0.9999,0.9999,1.0,0.0948,0.1988,0.1453,0.2949,0.2662,0.4732,-0.0258
2540960,2545056,0.9999,0.9999,1.0,0.0948,0.1988,0.1453,0.2949,0.2662,0.4737,-0.0253
2545056,2549152,1.0,0.9999,1.0,0.0948,0.1988,0.1453,0.2949,0.2662,0.4742,-0.0248
2549152,2553248,0.9997,0.9999,1.0,0.0948,0.1988,0.1453,0.2949,0.2662,0.4741,-0.025
2553248,2557344,1.0,0.9999,1.0,0.0948,0.1988,0.1453,0.2949,0.2662,0.4719,-0.0272
2557344,2561440,1.0,0.9999,1.0,0.0948,0.1988,0.1453,0.2949,0.2662,0.4711,-0.0279
2561440,2565536,1.0,1.0,1.0,0.0948,0.1988,0.1453,0.2949,0.2662,0.4708,-0.0283
2565536,2569632,0.9998,0.9999,1.0,0.0948,0.1988,0.1453,0.2949,0.2662,0.4702,-0.0289
2569632,2573728,1.0,0.9999,1.0,0.0948,0.1988,0.1453,0.2949,0.2662,0.4704,-0.0287
2573728,2577824,0.9998,0.9999,1.0,0.0948,0.1988,0.1453,0.2949,0.2662,0.4706,-0.0285
2577824,2581920,1.0,0.9999,1.0,0.0948,0.1988,0.1453,0.2949,0.2662,0.4715,-0.0276
2581920,2586016,0.9999,0.9999,1.0,0.0948,0.1988,0.1453,0.2949,0.2662,0.4723,-0.0268
2586016,2590112,1.0,0.9999,1.0,0.0948,0.1988,0.1453,0.2949,0.2662,0.4734,-0.0257
2590112,2594208,1.0,1.0,1.0,0.0948,0.1988,0.1453,0.2949,0.2662,0.4741,-0.025
2594208,2598304,1.0,1.0,1.0,0.0948,0.1988,0.1453,0.2949,0.2662,0.4745,-0.0246
2598304,2600000,1.0,1.0,1.0,0.0948,0.1988,0.1453,0.2949,0.2662,0.475,-0.0241
2600000,2604096,1.0,1.0,1.0,0.0948,0.1988,0.1453,0.2949,0.2662,0.4752,-0.0239
2604096,2608192,0.9999,1.0,1.0,0.0948,0.1988,0.1453,0.2949,0.2662,0.4745,-0.0246
2608192,2612288,0.9999,1.0,1.0,0.0948,0.1988,0.1453,0.2949,0.2662,0.4737,-0.0254
2612288,2616384,0.9999,0.9999,1.0,0.0948,0.1988,0.1453,0.2949,0.2662,0.474,-0.0251
2616384,2620480,1.0,1.0,1.0,0.0948,0.1988,0.1453,0.2949,0.2662,0.4736,-0.0255
2620480,2624576,1.0,1.0,1.0,0.0948,0.1988,0.1453,0.2949,0.2662,0.4739,-0.0252
2624576,2628672,1.0,1.0,1.0,0.0948,0.1988,0.1453,0.2949,0.2662,0.4739,-0.0252
2628672,2632768,0.9999,1.0,1.0,0.0948,0.1988,0.1453,0.2949,0.2662,0.474,-0.0251
2632768,2636864,1.0,1.0,1.0,0.0948,0.1988,0.1453,0.2949,0.2662,0.4739,-0.0251
2636864,2640960,1.0,1.0,1.0,0.0948,0.1988,0.1453,0.2949,0.2662,0.474,-0.0251
2640960,2645056,0.9999,1.0,1.0,0.0948,0.1988,0.1453,0.2949,0.2662,0.4738,-0.0253
2645056,2649152,1.0,1.0,1.0,0.0948,0.1988,0.1453,0.2949,0.2662,0.4738,-0.0253
2649152,2653248,0.9999,0.9999,1.0,0.0948,0.1988,0.1453,0.2949,0.2662,0.4745,-0.0245
2653248,2657344,1.0,1.0,1.0,0.0948,0.1988,0.1453,0.2949,0.2662,0.4696,-0.0295
2657344,2661440,0.9999,0.9999,1.0,0.0948,0.1988,0.1453,0.2949,0.2662,0.4654,-0.0337
2661440,2665536,0.9999,0.9999,1.0,0.0948,0.1988,0.1453,0.2949,0.2662,0.462,-0.0371
2665536,2669632,0.9999,0.9999,1.0,0.0948,0.1988,0.1453,0.2949,0.2662,0.4589,-0.0402
2669632,2673728,0.9999,0.9999,1.0,0.0948,0.1988,0.1453,0.2949,0.2662,0.4561,-0.0429
2673728,2677824,1.0,0.9999,1.0,0.0948,0.1988,0.1453,0.2949,0.2662,0.4539,-0.0452
2677824,2681920,1.0,1.0,1.0,0.0948,0.1988,0.1453,0.2949,0.2662,0.452,-0.0471
2681920,2686016,1.0,1.0,1.0,0.0948,0.1988,0.1453,0.2949,0.2662,0.4503,-0.0488
2686016,2690112,0.9999,1.0,1.0,0.0948,0.1988,0.1453,0.2949,0.2662,0.4487,-0.0504
2690112,2694208,1.0,1.0,1.0,0.0948,0.1988,0.1453,0.2949,0.2662,0.4473,-0.0517
2694208,2698304,0.9999,0.9999,1.0,0.0948,0.1988,0.1453,0.2949,0.2662,0.4466,-0.0525
2698304,2700000,1.0,1.0,1.0,0.0948,0.1988,0.1453,0.2949,0.2662,0.4458,-0.0533
2700000,2704096,1.0,1.0,1.0,0.0948,0.1988,0.1453,0.2949,0.2662,0.4449,-0.0542
2704096,2708192,0.9999,1.0,1.0,0.0948,0.1988,0.1453,0.2949,0.2662,0.4442,-0.0549
2708192,2712288,0.9999,0.9999,1.0,0.0948,0.1988,0.1453,0.2949,0.2662,0.4438,-0.0553
2712288,2716384,1.0,1.0,1.0,0.0948,0.1988,0.1453,0.2949,0.2662,0.4434,-0.0557
2716384,2720480,0.9999,1.0,1.0,0.0948,0.1988,0.1453,0.2949,0.2662,0.443,-0.0561
2720480,2724576,1.0,1.0,1.0,0.0948,0.1988,0.1453,0.2949,0.2662,0.4426,-0.0565
2724576,2728672,0.9999,0.9999,1.0,0.0948,0.1988,0.1453,0.2949,0.2662,0.4423,-0.0567
2728672,2732768,1.0,1.0,1.0,0.0948,0.1988,0.1453,0.2949,0.2662,0.442,-0.0571
2732768,2736864,0.9999,1.0,1.0,0.0948,0.1988,0.1453,0.2949,0.2662,0.442,-0.0571
2736864,2740960,0.9999,1.0,1.0,0.0948,0.1988,0.1453,0.2949,0.2662,0.4421,-0.057
2740960,2745056,1.0,1.0,1.0,0.0948,0.1988,0.1453,0.2949,0.2662,0.4423,-0.0568
2745056,2749152,0.9999,0.9999,1.0,0.0948,0.1988,0.1453,0.2949,0.2662,0.4422,-0.0569
2749152,2753248,1.0,1.0,1.0,0.0948,0.1988,0.1453,0.2949,0.2662,0.4422,-0.0569
2753248,2757344,1.0,1.0,1.0,0.0948,0.1988,0.1453,0.2949,0.2662,0.4421,-0.057
2757344,2761440,0.9999,1.0,1.0,0.0948,0.1988,0.1453,0.2949,0.2662,0.4418,-0.0573
2761440,2765536,0.9999,1.0,1.0,0.0948,0.1988,0.1453,0.2949,0.2662,0.4416,-0.0575
2765536,2769632,1.0,1.0,1.0,0.0948,0.1988,0.1453,0.2949,0.2662,0.4413,-0.0578
2769632,2773728,1.0,1.0,1.0,0.0948,0.1988,0.1453,0.2949,0.2662,0.4412,-0.0579
2773728,2777824,1.0,1.0,1.0,0.0948,0.1988,0.1453,0.2949,0.2662,0.441,-0.058
2777824,2781920,0.9999,1.0,1.0,0.0948,0.1988,0.1453,0.2949,0.2662,0.4408,-0.0583
2781920,2786016,1.0,1.0,1.0,0.0948,0.1988,0.1453,0.2949,0.2662,0.4408,-0.0583
2786016,2790112,0.9999,1.0,1.0,0.0948,0.1988,0.1453,0.2949,0.2662,0.4411,-0.058
2790112,2794208,0.9999,1.0,1.0,0.0948,0.1988,0.1453,0.2949,0.2662,0.4412,-0.0579
2794208,2798304,1.0,1.0,1.0,0.0948,0.1988,0.1453,0.2949,0.2662,0.4412,-0.0579
2798304,2800000,0.9999,0.9999,1.0,0.0948,0.1988,0.1453,0.2949,0.2662,0.4409,-0.0582
2800000,2804096,0.9999,0.9999,1.0,0.0948,0.1988,0.1453,0.2949,0.2662,0.4411,-0.0579
2804096,2808192,0.9999,0.9999,1.0,0.0948,0.1988,0.1453,0.2949,0.2662,0.4413,-0.0578
2808192,2812288,0.9998,0.9999,1.0,0.0948,0.1988,0.1453,0.2949,0.2662,0.4414,-0.0576
2812288,2816384,1.0,0.9999,1.0,0.0948,0.1988,0.1453,0.2949,0.2662,0.4415,-0.0576
2816384,2820480,1.0,0.9999,1.0,0.0948,0.1988,0.1453,0.2949,0.2662,0.4417,-0.0574
2820480,2824576,0.9999,0.9999,1.0,0.0948,0.1988,0.1453,0.2949,0.2662,0.4418,-0.0572
2824576,2828672,1.0,1.0,1.0,0.0948,0.1988,0.1453,0.2949,0.2662,0.4419,-0.0572
2828672,2830743,1.0,1.0,1.0,0.0948,0.1988,0.1453,0.2949,0.2662,0.4419,-0.0572
